{
  "timestamp": "2025-12-28T21:01:28.910160",
  "num_replicas": 5,
  "time_limit": 60.0,
  "instances": {
    "instance_n10": {
      "n_destinations": 10,
      "n_no_fly_zones": 3,
      "algorithms": {
        "branch_bound": {
          "time_mean": 0.46491948000621053,
          "time_std": 0.008520930378107057,
          "memory_peak": 3.1592330932617188,
          "num_solutions": 1,
          "hypervolume": 36972.66058159842,
          "diversity": 0.0,
          "nodes_explored": 4621,
          "nodes_pruned": 3723
        },
        "geometric": {
          "time_mean": 0.02819546000100672,
          "time_std": 0.0026948040170217684,
          "memory_peak": 0.10204315185546875,
          "num_solutions": 4,
          "hypervolume": 36004.49377987938,
          "diversity": 104.2879748192528,
          "visibility_edges": 320
        },
        "simulated_annealing": {
          "time_mean": 0.26357050000224264,
          "time_std": 0.0050457828774093895,
          "memory_peak": 0.00836944580078125,
          "num_solutions": 1,
          "hypervolume": 36393.67229875124,
          "diversity": 0.0,
          "acceptance_rate": 0.9965999999999999,
          "improvements": 4
        }
      }
    },
    "instance_n15": {
      "n_destinations": 15,
      "n_no_fly_zones": 4,
      "algorithms": {
        "branch_bound": {
          "skipped": true,
          "reason": "Instance too large (N > 12)"
        },
        "geometric": {
          "time_mean": 0.22789442003704607,
          "time_std": 0.01724547138841494,
          "memory_peak": 0.209259033203125,
          "num_solutions": 3,
          "hypervolume": 29866.788549897246,
          "diversity": 455.51443605666844,
          "visibility_edges": 696
        },
        "simulated_annealing": {
          "time_mean": 0.36112055997364223,
          "time_std": 0.009355743492213518,
          "memory_peak": 0.01067352294921875,
          "num_solutions": 4,
          "hypervolume": 22177.55091845934,
          "diversity": 94.55282984179807,
          "acceptance_rate": 0.9944,
          "improvements": 0
        }
      }
    },
    "instance_n20": {
      "n_destinations": 20,
      "n_no_fly_zones": 4,
      "algorithms": {
        "branch_bound": {
          "skipped": true,
          "reason": "Instance too large (N > 12)"
        },
        "geometric": {
          "time_mean": 0.8662566800136119,
          "time_std": 0.08518971651624187,
          "memory_peak": 0.23477935791015625,
          "num_solutions": 2,
          "hypervolume": 26869.723173567196,
          "diversity": 556.490704712884,
          "visibility_edges": 812
        },
        "simulated_annealing": {
          "time_mean": 0.3833353000227362,
          "time_std": 0.03432886228392477,
          "memory_peak": 0.0105438232421875,
          "num_solutions": 1,
          "hypervolume": 29198.971253949087,
          "diversity": 0.0,
          "acceptance_rate": 0.9945999999999999,
          "improvements": 1
        }
      }
    },
    "instance_n25": {
      "n_destinations": 25,
      "n_no_fly_zones": 5,
      "algorithms": {
        "branch_bound": {
          "skipped": true,
          "reason": "Instance too large (N > 12)"
        },
        "geometric": {
          "time_mean": 1.9060097600100563,
          "time_std": 0.08365480295695213,
          "memory_peak": 0.34183502197265625,
          "num_solutions": 2,
          "hypervolume": -961.8427870706655,
          "diversity": 2663.915805930798,
          "visibility_edges": 1278
        },
        "simulated_annealing": {
          "time_mean": 0.43270932000596074,
          "time_std": 0.022148432814076073,
          "memory_peak": 0.01029205322265625,
          "num_solutions": 3,
          "hypervolume": 19599.334203761126,
          "diversity": 0.0,
          "acceptance_rate": 0.9956,
          "improvements": 0
        }
      }
    }
  },
  "summary": {}
}