{
  "timestamp": "2025-12-14T17:02:52.205504",
  "num_replicas": 5,
  "time_limit": 60.0,
  "instances": {
    "instance_n10": {
      "n_destinations": 10,
      "n_no_fly_zones": 3,
      "algorithms": {
        "branch_bound": {
          "time_mean": 0.45966657999088056,
          "time_std": 0.007850609478909835,
          "memory_peak": 3.1592330932617188,
          "num_solutions": 1,
          "hypervolume": 36972.66058159842,
          "diversity": 0.0,
          "nodes_explored": 4621,
          "nodes_pruned": 3723
        },
        "geometric": {
          "time_mean": 0.005018400005064904,
          "time_std": 0.00036709464596566165,
          "memory_peak": 0.032684326171875,
          "num_solutions": 5,
          "hypervolume": 35650.74837358096,
          "diversity": 46.69778789763312,
          "visibility_edges": 102
        },
        "simulated_annealing": {
          "time_mean": 0.2636684800032526,
          "time_std": 0.004383939539684858,
          "memory_peak": 0.00794219970703125,
          "num_solutions": 1,
          "hypervolume": 35403.335258862215,
          "diversity": 0.0,
          "acceptance_rate": 0.9944,
          "improvements": 3
        }
      }
    },
    "instance_n15": {
      "n_destinations": 15,
      "n_no_fly_zones": 4,
      "algorithms": {
        "branch_bound": {
          "skipped": true,
          "reason": "Instance too large (N > 12)"
        },
        "geometric": {
          "time_mean": 0.016108319995692,
          "time_std": 0.00019739268645071892,
          "memory_peak": 0.052154541015625,
          "num_solutions": 0,
          "hypervolume": 0,
          "diversity": 0,
          "visibility_edges": 204
        },
        "simulated_annealing": {
          "time_mean": 0.34033371999394146,
          "time_std": 0.004372428779795069,
          "memory_peak": 0.0091705322265625,
          "num_solutions": 4,
          "hypervolume": 22177.55091845934,
          "diversity": 67.79293514978501,
          "acceptance_rate": 0.9967999999999999,
          "improvements": 0
        }
      }
    },
    "instance_n20": {
      "n_destinations": 20,
      "n_no_fly_zones": 4,
      "algorithms": {
        "branch_bound": {
          "skipped": true,
          "reason": "Instance too large (N > 12)"
        },
        "geometric": {
          "time_mean": 0.022312199999578296,
          "time_std": 0.0023285576622394627,
          "memory_peak": 0.072998046875,
          "num_solutions": 2,
          "hypervolume": 27606.164866298717,
          "diversity": 325.4623161381596,
          "visibility_edges": 296
        },
        "simulated_annealing": {
          "time_mean": 0.3628202599997167,
          "time_std": 0.0028741685166707403,
          "memory_peak": 0.0105438232421875,
          "num_solutions": 5,
          "hypervolume": 23823.54315125132,
          "diversity": 186.4720641899715,
          "acceptance_rate": 0.9947,
          "improvements": 0
        }
      }
    },
    "instance_n25": {
      "n_destinations": 25,
      "n_no_fly_zones": 5,
      "algorithms": {
        "branch_bound": {
          "skipped": true,
          "reason": "Instance too large (N > 12)"
        },
        "geometric": {
          "time_mean": 0.036639479995938015,
          "time_std": 0.0007021271249059085,
          "memory_peak": 0.11103057861328125,
          "num_solutions": 0,
          "hypervolume": 0,
          "diversity": 0,
          "visibility_edges": 446
        },
        "simulated_annealing": {
          "time_mean": 0.457828839996364,
          "time_std": 0.04432252473287196,
          "memory_peak": 0.01084136962890625,
          "num_solutions": 2,
          "hypervolume": 19599.334203761126,
          "diversity": 78.1579305190016,
          "acceptance_rate": 0.9948,
          "improvements": 0
        }
      }
    }
  },
  "summary": {}
}